,period,open_date,close_date,last_date,open,avg_open,close,avg_close,low,avg_low,low_date,high,avg_high,high_date,avg_volume,open_volume,close_volume,low_volume,low_volume_date,high_volume,high_volume_date
2023Q3,2023Q3,2023-07-03,2023-09-29,2023-07-25,193.77999877929688,191.8568754196167,193.6199951171875,191.7643756866455,186.60000610351562,190.5699987411499,2023-07-11,198.22999572753906,193.28625106811523,2023-07-19,50870025.0,31458200,37184800,31458200,2023-07-03,80507300,2023-07-19
2023Q2,2023Q2,2023-04-03,2023-06-30,2023-06-30,164.27000427246094,173.81935587236958,193.97000122070312,174.25032289566533,159.77999877929688,172.8098385718561,2023-04-12,194.47999572753906,175.31209711874686,2023-06-30,57128488.70967742,56976200,85069600,37266700,2023-05-15,121946500,2023-06-05
2023Q1,2023Q1,2023-01-03,2023-03-31,2023-03-31,130.27999877929688,146.92403264199532,164.89999389648438,147.55112851050592,124.16999816894531,145.65338762344854,2023-01-03,165.0,148.95838694418632,2023-03-31,68889000.0,112117500,68749800,44998500,2023-02-27,154357300,2023-02-03
2022Q4,2022Q4,2022-10-03,2022-12-30,2022-12-30,138.2100067138672,142.966191488599,129.92999267578125,142.9111104087224,125.87000274658203,140.75523800320096,2022-12-28,157.5,144.99999975779699,2022-10-28,83630453.96825397,114311700,77034200,35195900,2022-11-25,164762400,2022-10-28
2022Q3,2022Q3,2022-07-01,2022-09-30,2022-09-30,136.0399932861328,156.68281245231628,138.1999969482422,156.95046830177307,135.66000366210938,154.98234367370605,2022-07-01,176.14999389648438,158.6618754863739,2022-08-17,78782621.875,71051600,124925300,51218200,2022-08-25,162278800,2022-09-16
2022Q2,2022Q2,2022-04-01,2022-06-30,2022-06-30,174.02999877929688,151.66532282675468,136.72000122070312,151.43919397169543,129.0399932861328,149.26854878087198,2022-06-16,178.49000549316406,153.88129031273627,2022-04-04,94160253.22580644,78751300,98964500,53950200,2022-06-08,182602000,2022-05-12
2022Q1,2022Q1,2022-01-03,2022-03-31,2022-03-31,177.8300018310547,168.02677351428616,174.61000061035156,168.16354886947138,150.10000610351562,165.87774141373174,2022-03-14,182.94000244140625,170.22354815083165,2022-01-04,95431651.61290322,104487900,103049300,61177400,2022-02-16,179935700,2022-01-28
2021Q4,2021Q4,2021-10-01,2021-12-31,2021-12-31,141.89999389648438,157.4921875,177.57000732421875,158.0370316505432,138.27000427246094,156.17062425613403,2021-10-04,182.1300048828125,159.44359397888184,2021-12-13,89076170.3125,94639600,64062300,41000000,2021-11-11,195432700,2021-12-17
2021Q3,2021Q3,2021-07-01,2021-09-30,2021-09-30,136.60000610351562,147.15218830108643,141.5,147.2229688167572,135.75999450683594,145.89031171798706,2021-07-01,157.25999450683594,148.5026569366455,2021-09-07,80912703.125,52485800,89056700,46397700,2021-08-05,140893200,2021-09-10
2021Q2,2021Q2,2021-04-01,2021-06-30,2021-06-30,123.66000366210938,129.4379372975183,136.9600067138672,129.56888895186168,122.25,128.3968253968254,2021-05-12,137.41000366210938,130.6133338080512,2021-06-30,82672736.50793651,75089100,63261400,53522400,2021-06-11,151101000,2021-04-29
2021Q1,2021Q1,2021-01-04,2021-03-31,2021-03-31,133.52000427246094,128.61245940161533,122.1500015258789,128.35803260177863,116.20999908447266,126.66508183713819,2021-03-08,145.08999633789062,130.07295189529168,2021-01-25,110238291.80327868,143301900,118323800,60145100,2021-02-12,185549500,2021-03-19
2020Q4,2020Q4,2020-10-01,2020-12-31,2020-12-31,117.63999938964844,120.3054690361023,132.69000244140625,120.28125011920929,107.31999969482422,118.78546810150146,2020-11-02,138.7899932861328,121.80312502384186,2020-12-29,114686459.375,116120400,99116600,46691300,2020-11-27,262330500,2020-10-13
2020Q3,2020Q3,2020-07-01,2020-09-30,2020-09-30,91.27999877929688,109.26894533634186,115.80999755859375,109.11535096168518,89.1449966430664,107.2627341747284,2020-07-24,137.97999572753906,110.83667969703674,2020-09-02,171493584.375,110737200,142675200,89001600,2020-07-22,374336800,2020-07-31
2020Q2,2020Q2,2020-04-01,2020-06-30,2020-06-30,61.625,77.24468261476547,91.19999694824219,77.49031720842633,59.224998474121094,76.39496031261626,2020-04-02,93.09500122070312,78.34138906569709,2020-06-23,147850965.07936507,176218400,140223200,80791200,2020-06-01,264476000,2020-06-19
2020Q1,2020Q1,2020-01-02,2020-03-31,2020-03-31,74.05999755859375,73.28294384864068,63.5724983215332,73.54092727168914,53.15250015258789,72.25758072637743,2020-03-23,81.9625015258789,74.69310452861171,2020-01-29,197318096.77419356,135480400,197002000,80113600,2020-02-14,426510000,2020-02-28
2019Q4,2019Q4,2019-10-01,2019-12-31,2019-12-31,56.26750183105469,64.14249956607819,73.4124984741211,64.33218735456467,53.782501220703125,63.72582048177719,2019-10-03,73.49250030517578,64.6682813167572,2019-12-27,103364556.25,139223200,100805600,46617600,2019-11-29,275978000,2019-12-20
2019Q3,2019Q3,2019-07-01,2019-09-30,2019-09-30,50.79249954223633,52.2713280916214,55.99250030517578,52.2801952958107,48.14500045776367,51.82652336359024,2019-08-05,56.60499954223633,52.753437519073486,2019-09-12,106093775.0,109012000,103909600,45448000,2019-07-03,277125600,2019-07-31
2019Q2,2019Q2,2019-04-01,2019-06-28,2019-06-28,47.90999984741211,48.615634615459136,49.47999954223633,48.723174685523624,42.567501068115234,48.247698405432324,2019-06-03,53.82749938964844,49.13956342424665,2019-05-01,111796380.95238096,111448000,124442400,58676400,2019-06-17,259309200,2019-05-01
2019Q1,2019Q1,2019-01-02,2019-03-29,2019-03-29,38.72249984741211,42.335778908651385,47.48749923706055,42.415942520391745,35.5,41.96979503944272,2019-01-03,49.42250061035156,42.764180605528786,2019-03-22,127974386.8852459,148158800,94256000,68280800,2019-02-26,365248800,2019-01-03
2018Q4,2018Q4,2018-10-01,2018-12-31,2018-12-31,56.98749923706055,48.63265876164512,39.435001373291016,48.47801596020896,36.647499084472656,47.816468193417506,2018-12-24,58.36750030517578,49.21690489753844,2018-10-03,168253803.17460316,94403200,140014000,91541600,2018-10-17,382978400,2018-12-21
2018Q3,2018Q3,2018-07-02,2018-09-28,2018-09-28,45.95500183105469,52.006388951861666,56.435001373291016,52.07500027853345,45.85499954223633,51.63023800320096,2018-07-02,57.41749954223633,52.47353169274709,2018-09-05,112570304.76190476,70925200,91717600,50055600,2018-07-13,384986800,2018-09-21
2018Q2,2018Q2,2018-04-02,2018-06-29,2018-06-29,41.65999984741211,45.30171900987625,46.27750015258789,45.34914070367813,40.157501220703125,44.980117201805115,2018-04-27,48.54999923706055,45.67812496423721,2018-06-07,113422193.75,150347200,90950800,60962800,2018-05-22,266157600,2018-05-02
2018Q1,2018Q1,2018-01-02,2018-03-30,2018-03-29,42.540000915527344,43.068401586814005,41.94499969482422,43.04782792388416,37.560001373291016,42.65401671362705,2018-02-09,45.875,43.52430324867124,2018-03-13,150905009.83606556,102223600,153594000,74670800,2018-01-11,346375200,2018-02-02
2017Q4,2017Q4,2017-10-02,2017-12-29,2017-12-29,38.564998626708984,41.740356869167755,42.307498931884766,41.78706353808206,38.1150016784668,41.48623033553835,2017-10-04,44.29999923706055,42.01829365321568,2017-12-18,103881809.52380952,74795200,103999600,56106800,2017-11-24,237594400,2017-11-03
2017Q3,2017Q3,2017-07-03,2017-09-29,2017-09-29,36.220001220703125,38.809087480817524,38.529998779296875,38.7922620016431,35.602500915527344,38.4941272432842,2017-07-06,41.23500061035156,39.06511924380348,2017-09-01,111965396.82539682,57111200,105199200,57111200,2017-07-03,286856000,2017-09-12
2017Q2,2017Q2,2017-04-03,2017-06-30,2017-06-30,35.9275016784668,36.99027791098943,36.005001068115234,36.968848939925905,35.01499938964844,36.71996028839596,2017-04-11,39.162498474121094,37.20499995398143,2017-05-15,108664380.95238096,79942800,92096400,56985200,2017-04-27,289229200,2017-06-12
2017Q1,2017Q1,2017-01-03,2017-03-31,2017-03-31,28.950000762939453,32.829274208314956,35.915000915527344,32.92814507022981,28.690000534057617,32.713386997099846,2017-01-03,36.125,33.0412903447305,2017-03-30,109659290.32258065,115127600,78646800,61236400,2017-03-14,447940000,2017-02-01
2016Q4,2016Q4,2016-10-03,2016-12-30,2016-12-30,28.177499771118164,28.318491890316917,28.954999923706055,28.349761902339875,26.020000457763672,28.122936490982298,2016-11-14,29.672500610351562,28.540158680507115,2016-10-11,128078793.65079366,86807200,122345200,45903600,2016-11-25,264536800,2016-10-26
2016Q3,2016Q3,2016-07-01,2016-09-30,2016-09-30,23.872499465942383,26.42503908276558,28.262500762939453,26.466523468494415,23.592500686645508,26.27617186307907,2016-07-06,29.045000076293945,26.629531353712082,2016-09-19,142745231.25,104106000,145516400,74641600,2016-08-12,443554800,2016-09-14
2016Q2,2016Q2,2016-04-01,2016-06-30,2016-06-30,27.19499969482422,24.849921971559525,23.899999618530273,24.850312501192093,22.36750030517578,24.64574220776558,2016-05-12,28.09749984741211,25.06656250357628,2016-04-14,159534556.25,103496000,143345600,83392400,2016-06-08,458408400,2016-04-27
2016Q1,2016Q1,2016-01-04,2016-03-31,2016-03-31,25.65250015258789,24.8906147440926,27.247499465942383,24.913770425515096,23.09749984741211,24.618688489569994,2016-01-28,27.604999542236328,25.16938522213795,2016-03-30,185492472.13114753,270597600,103553600,77645600,2016-03-28,533478800,2016-01-27
2015Q4,2015Q4,2015-10-01,2015-12-31,2015-12-31,27.267499923706055,28.5906640291214,26.315000534057617,28.57484370470047,26.204999923706055,28.291835844516754,2015-12-31,30.954999923706055,28.83914065361023,2015-11-04,174066743.75,255716400,163649200,52185600,2015-11-27,385813200,2015-12-18
2015Q3,2015Q3,2015-07-01,2015-09-30,2015-09-30,31.725000381469727,29.357031255960464,27.575000762939453,29.325859397649765,23.0,28.96324223279953,2015-08-24,33.24250030517578,29.688789039850235,2015-07-20,241977937.5,120955200,265892000,108844000,2015-07-02,648825200,2015-08-24
2015Q2,2015Q2,2015-04-01,2015-06-30,2015-06-30,31.204999923706055,32.01861118134998,31.357500076293945,31.98452365209186,30.774999618530273,31.75904773530506,2015-04-01,33.6349983215332,32.242222225855265,2015-04-28,179612336.5079365,162485600,177482800,102098400,2015-04-14,475696000,2015-04-28
2015Q1,2015Q1,2015-01-02,2015-03-31,2015-03-31,27.84749984741211,30.249958945102378,31.107500076293945,30.194262270067558,26.157499313354492,29.889016448474322,2015-01-06,33.400001525878906,30.51405740956791,2015-02-24,234782996.72131148,212818400,168362400,126665200,2015-03-04,585908400,2015-01-28
2014Q4,2014Q4,2014-10-01,2014-12-31,2014-12-31,25.147499084472656,27.19875004887581,27.594999313354492,27.2053125500679,23.795000076293945,26.948007851839066,2014-10-15,29.9375,27.465468734502792,2014-11-25,203392687.5,205965200,165613600,57918400,2014-12-24,403734400,2014-10-15
2014Q3,2014Q3,2014-07-01,2014-09-30,2014-09-30,23.3799991607666,24.531875103712082,25.1875,24.54085937142372,23.142499923706055,24.32742178440094,2014-07-17,25.934999465942383,24.739531189203262,2014-09-02,218661437.5,152892000,221056400,91567200,2014-07-03,759385200,2014-09-09
2014Q2,2014Q2,2014-04-01,2014-06-30,2014-06-30,19.205713272094727,21.247290202549525,23.232500076293945,21.279382160731725,18.26178550720215,21.106014766390363,2014-04-15,23.762500762939453,21.41327110169426,2014-06-10,269816958.73015875,200760000,197929200,118904000,2014-06-17,759911600,2014-04-24
2014Q1,2014Q1,2014-01-02,2014-03-31,2014-03-31,19.845714569091797,19.024754227184857,19.169286727905273,19.021592562315895,17.626785278320312,18.879549120293287,2014-01-31,20.007143020629883,19.174455517628154,2014-01-15,322098688.52459013,234684800,168669200,168669200,2014-03-31,1065523200,2014-01-28
2013Q4,2013Q4,2013-10-01,2013-12-31,2013-12-31,17.087499618530273,18.88023993372917,20.036428451538086,18.891891688108444,17.08142852783203,18.737980097532272,2013-10-09,20.540714263916016,19.03391742706299,2013-12-05,314379450.0,353883600,223084400,167554800,2013-12-24,635807200,2013-10-29
2013Q3,2013Q3,2013-07-01,2013-09-30,2013-09-30,14.381786346435547,16.588404163718224,17.02678680419922,16.58019532263279,14.329285621643066,16.435719922184944,2013-07-01,18.347856521606445,16.742271184921265,2013-08-19,362928037.5,391053600,260156400,198990400,2013-07-17,898696400,2013-09-11
2013Q2,2013Q2,2013-04-01,2013-06-28,2013-06-28,15.782142639160156,15.410117164254189,14.161786079406738,15.383677437901497,13.753570556640625,15.222014456987381,2013-04-19,16.633928298950195,15.58262275159359,2013-05-07,428586812.5,389732000,578516400,195025600,2013-06-18,969651200,2013-04-24
2013Q1,2013Q1,2013-01-02,2013-03-29,2013-03-28,19.779285430908203,16.698541593551635,15.809286117553711,16.649083375930786,14.964285850524902,16.481636905670165,2013-03-04,19.821428298950195,16.863107109069823,2013-01-02,527405573.3333333,560518000,442839600,294294000,2013-03-26,1460852400,2013-01-24
2012Q4,2012Q4,2012-10-01,2012-12-31,2012-12-31,23.969999313354492,20.72957371127221,19.006071090698242,20.63442390195785,17.901071548461914,20.386186599731445,2012-12-17,24.16964340209961,20.92781679091915,2012-10-01,600087645.1612903,543594800,659492400,175753200,2012-12-24,1266893600,2012-11-16
2012Q3,2012Q3,2012-07-02,2012-09-28,2012-09-28,20.883214950561523,22.84988666716076,23.825000762939453,22.87655345977299,20.35714340209961,22.669092995779856,2012-07-25,25.18107032775879,23.032630375453405,2012-09-21,418807333.3333333,400092000,535110800,194938800,2012-08-10,877312800,2012-07-25
2012Q2,2012Q2,2012-04-02,2012-06-29,2012-06-29,21.493928909301758,20.809126990182058,20.85714340209961,20.753219876970565,18.6492862701416,20.527902512323287,2012-05-18,23.0,21.005402549864755,2012-04-10,548589866.6666666,598351600,421500800,202997200,2012-06-27,1076149200,2012-04-24
2012Q1,2012Q1,2012-01-03,2012-03-30,2012-03-30,14.621429443359375,17.950541450131325,21.412500381469727,17.988565721819477,14.60714340209961,17.793991842577533,2012-01-03,22.194643020629883,18.112079420397357,2012-03-28,545366883.8709677,302220800,731038000,186796400,2012-02-02,1506120000,2012-02-15
2011Q4,2011Q4,2011-10-03,2011-12-30,2011-12-30,13.584643363952637,13.997409215049139,14.464285850524902,13.987806047712054,12.651429176330566,13.849421713087294,2011-10-04,15.239286422729492,14.123344739278158,2011-10-17,450978755.5555556,669099200,179662000,179662000,2011-12-30,1233677200,2011-10-04
2011Q3,2011Q3,2011-07-01,2011-09-30,2011-09-30,11.998213768005371,13.576043426990509,13.618571281433105,13.589654102921486,11.935713768005371,13.41439725458622,2011-07-01,15.102143287658691,13.743108347058296,2011-09-20,605843656.25,435313200,547640800,343725200,2011-09-01,1204590800,2011-08-05
2011Q2,2011Q2,2011-04-01,2011-06-30,2011-06-30,12.539643287658691,12.080634995112343,11.988213539123535,12.057585019913931,11.089285850524902,11.964943310571096,2011-06-20,12.68321418762207,12.168316356719487,2011-04-21,403646666.6666667,418661600,322954800,203599200,2011-05-27,1006345200,2011-04-29
2011Q1,2011Q1,2011-01-03,2011-03-31,2011-03-31,11.630000114440918,12.334988517145957,12.446785926818848,12.345829486846924,11.601428985595703,12.22343324845837,2011-01-03,13.032142639160156,12.433525377704251,2011-02-16,507160387.0967742,445138400,274019200,255519600,2011-01-05,1880998000,2011-01-18
2010Q4,2010Q4,2010-10-01,2010-12-31,2010-12-31,10.219642639160156,11.121199741959572,11.520000457763672,11.124810323119164,9.920356750488281,11.035691976547241,2010-10-04,11.666428565979004,11.19963164627552,2010-12-28,448685912.5,448142800,193508000,157494400,2010-12-30,1232784000,2010-10-19
2010Q3,2010Q3,2010-07-01,2010-09-30,2010-09-30,9.08214282989502,9.2802232503891,10.133929252624512,9.282327011227608,8.412857055664062,9.172846019268036,2010-08-27,10.526070594787598,9.375892877578735,2010-09-27,579824131.25,1022896000,673391600,289097200,2010-08-05,1190924000,2010-07-13
2010Q2,2010Q2,2010-04-01,2010-06-30,2010-06-30,8.478928565979004,9.117409236847408,8.983214378356934,9.097817526923286,7.1160712242126465,8.952097461337136,2010-05-06,9.964642524719238,9.215408219231499,2010-06-21,747635511.1111112,603145200,739452000,306210800,2010-04-13,1676018400,2010-05-07
2010Q1,2010Q1,2010-01-04,2010-03-31,2010-03-31,7.622499942779541,7.533290448735972,8.39285659790039,7.530538637129987,6.794642925262451,7.447540978916356,2010-01-29,8.481429100036621,7.605163988519887,2010-03-30,624577822.9508197,493729600,430659600,342109600,2010-03-18,1867110000,2010-01-26
2009Q4,2009Q4,2009-10-01,2009-12-31,2009-12-31,6.619643211364746,7.055256731808186,7.526071071624756,7.0455858781933784,6.45357084274292,6.9789843782782555,2009-10-01,7.64107084274292,7.121796801686287,2009-12-28,512576881.25,524711600,352410800,286454000,2009-11-25,1193726800,2009-10-21
2009Q3,2009Q3,2009-07-01,2009-09-30,2009-09-30,5.125,5.856143973767757,6.619643211364746,5.865184098482132,4.800714015960693,5.804017893970013,2009-07-08,6.746428966522217,5.91372761875391,2009-09-23,454634075.0,414178800,539585200,293955200,2009-09-03,874781600,2009-07-21
2009Q2,2009Q2,2009-04-01,2009-06-30,2009-06-30,3.7174999713897705,4.605992059859019,5.086785793304443,4.6219047629644,3.7103569507598877,4.550396794364566,2009-04-01,5.228570938110352,4.674467071654305,2009-06-05,538958666.6666666,589372000,434224000,297998400,2009-05-22,945156800,2009-04-23
2009Q1,2009Q1,2009-01-02,2009-03-31,2009-03-31,3.067142963409424,3.328928533147593,3.754286050796509,3.341932007523834,2.7928569316864014,3.2769965226532984,2009-01-20,3.927856922149658,3.4048535354801865,2009-03-26,777012944.2622951,746015200,570080000,492872800,2009-03-27,1831634000,2009-01-15
2008Q4,2008Q4,2008-10-01,2008-12-31,2008-12-31,3.997143030166626,3.4025167524814606,3.0482139587402344,3.390580393373966,2.8264288902282715,3.2772824093699455,2008-11-21,4.1571431159973145,3.504257842898369,2008-10-14,1332187806.25,1296484000,607541200,271334000,2008-12-24,2294398400,2008-10-03
2008Q3,2008Q3,2008-07-01,2008-09-30,2008-09-30,5.865356922149658,5.73668522760272,4.059286117553711,5.7193304002285,3.5924999713897705,5.604045823216438,2008-09-29,6.461071014404297,5.841925278306007,2008-07-09,889110600.0,1111280800,1626682400,431384800,2008-08-28,2622057200,2008-09-29
2008Q2,2008Q2,2008-04-01,2008-06-30,2008-06-30,5.224999904632568,6.195887215435505,5.980000019073486,6.198811404407024,5.128929138183594,6.08943086117506,2008-04-01,6.865714073181152,6.2879185155034065,2008-05-14,950796743.75,1032567200,684196800,610184400,2008-05-30,1888392800,2008-06-09
2008Q1,2008Q1,2008-01-02,2008-03-31,2008-03-31,7.116786003112793,4.991159290563865,5.125,4.969238867525195,4.122857093811035,4.861475428596872,2008-02-26,7.1521430015563965,5.091738872840756,2008-01-02,1360116662.2950819,1079178800,768065200,714610400,2008-03-28,3372969600,2008-01-23
2007Q4,2007Q4,2007-10-01,2007-12-31,2007-12-31,5.522500038146973,6.389815874397755,7.074285984039307,6.378102704882622,5.379642963409424,6.254313662648201,2007-11-12,7.248570919036865,6.478593721985817,2007-12-27,1042660325.0,837068400,539333200,465757600,2007-11-23,1890378000,2007-11-08
2007Q3,2007Q3,2007-07-02,2007-09-28,2007-09-28,4.323214054107666,4.846661022731236,5.4810709953308105,4.843560052296472,3.98642897605896,4.756417217708769,2007-08-16,5.535714149475098,4.917976250724187,2007-09-26,1100168177.7777777,994862400,615101200,607320000,2007-09-14,2328222400,2007-09-05
2007Q2,2007Q2,2007-04-02,2007-06-29,2007-06-29,3.362143039703369,3.8694557462419783,4.3585710525512695,3.8681518728770907,3.200000047683716,3.8196315159873357,2007-04-18,4.557499885559082,3.911213133070204,2007-06-07,858799200.0,501992400,1137841600,352466800,2007-04-10,1915079600,2007-06-07
2007Q1,2007Q1,2007-01-03,2007-03-30,2007-03-30,3.0817859172821045,3.1615222790202155,3.318213939666748,3.1614344667215817,2.924999952316284,3.1243736079481783,2007-01-03,3.492856979370117,3.1986885617990963,2007-01-10,931980000.0,1238319600,600558000,363661200,2007-02-15,3349298400,2007-01-09
2006Q4,2006Q4,2006-10-02,2006-12-29,2006-12-29,2.682142972946167,2.95942177091326,3.0299999713897705,2.958299269751897,2.5928568840026855,2.9220974899473644,2006-10-11,3.3271429538726807,2.9930952692788746,2006-11-27,716089422.2222222,712639200,1076429200,373864400,2006-11-10,1935754800,2006-12-27
2006Q3,2006Q3,2006-07-03,2006-09-29,2006-09-29,2.054286003112793,2.3609920285996937,2.749285936355591,2.3646655536833263,1.791429042816162,2.3282256277780684,2006-07-14,2.7778570652008057,2.3955101891169472,2006-09-26,842681688.8888888,194770800,405812400,194770800,2006-07-03,1972146400,2006-07-20
2006Q2,2006Q2,2006-04-03,2006-06-30,2006-06-30,2.2739291191101074,2.300164400585114,2.0453569889068604,2.286785700964549,1.978929042816162,2.2550964090559216,2006-06-28,2.635714054107666,2.328282318417988,2006-05-08,851820400.0,815791200,739695600,432950000,2006-05-26,2663768800,2006-04-06
2006Q1,2006Q1,2006-01-03,2006-03-31,2006-03-31,2.5850000381469727,2.520270747523154,2.240000009536743,2.5056854101919357,2.059643030166626,2.4670737751068605,2006-03-29,3.085714101791382,2.5599827881782287,2006-01-12,1029543561.2903225,807234400,815357200,449422400,2006-01-05,2346834000,2006-03-29
2005Q4,2005Q4,2005-10-03,2005-12-30,2005-12-30,1.9342859983444214,2.2628741415720137,2.567500114440918,2.2678741973543923,1.709643006324768,2.2327834348829967,2005-10-12,2.694999933242798,2.295085036565387,2005-12-13,716889511.1111112,507553200,624262800,229857600,2005-12-23,2697486400,2005-10-12
2005Q3,2005Q3,2005-07-01,2005-09-30,2005-09-30,1.315356969833374,1.626261131837964,1.9146430492401123,1.6328291986137629,1.2960710525512695,1.608292454853654,2005-07-01,1.948570966720581,1.6502734683454037,2005-09-26,497544118.75,250000800,531633200,176383200,2005-08-08,2096060400,2005-07-14
2005Q2,2005Q2,2005-04-01,2005-06-30,2005-06-30,1.5032140016555786,1.355524593964219,1.3146430253982544,1.3527399189770222,1.1825000047683716,1.332131750881672,2005-05-11,1.587499976158142,1.3756026793271303,2005-04-08,680640756.25,641284000,418390000,316008000,2005-05-27,2753192400,2005-04-14
2005Q1,2005Q1,2005-01-03,2005-03-31,2005-03-31,1.1567859649658203,1.4144027272208792,1.4882140159606934,1.4119965072538032,1.1178569793701172,1.3904040309249377,2005-01-03,1.6228569746017456,1.4339080169552663,2005-02-17,1013657560.6557378,691992000,636134800,275410800,2005-03-28,3164716800,2005-01-13
2004Q4,2004Q4,2004-10-01,2004-12-31,2004-12-31,0.6985710263252258,0.9914396991953254,1.149999976158142,0.9925753455609083,0.6723210215568542,0.9757031453773379,2004-10-12,1.2423210144042969,1.0063364943489432,2004-11-29,773165400.0,465404800,278588800,245929600,2004-12-23,2768427200,2004-10-14
2004Q3,2004Q3,2004-07-01,2004-09-30,2004-09-30,0.5732139945030212,0.5902344062924385,0.6919639706611633,0.5931752678006887,0.5132139921188354,0.5834458731114864,2004-07-14,0.7012500166893005,0.6010546572506428,2004-09-30,396585175.0,341941600,425012000,208863200,2004-07-09,1767724000,2004-07-15
2004Q2,2004Q2,2004-04-01,2004-06-30,2004-06-30,0.4801790118217468,0.5103658404081098,0.5810710191726685,0.5119757892624024,0.45517900586128235,0.5027966624306094,2004-04-30,0.6105359792709351,0.5191848691432707,2004-06-28,362285225.8064516,318332000,373044000,145717600,2004-05-28,1761446400,2004-04-15
2004Q1,2004Q1,2004-01-02,2004-03-31,2004-03-31,0.38482099771499634,0.42785132411987553,0.48285698890686035,0.42968892041713963,0.3782140016555786,0.42261228926720157,2004-01-02,0.5024999976158142,0.43661285552286333,2004-03-10,394773354.83870965,144642400,390773600,141635200,2004-02-18,1540599200,2004-03-05
2003Q4,2003Q4,2003-10-01,2003-12-31,2003-12-31,0.3698210120201111,0.3888615621253848,0.3816069960594177,0.3890820615924895,0.34375,0.38220428163185716,2003-12-22,0.44660699367523193,0.39504744997248054,2003-10-15,272940150.0,236112800,174451200,76098400,2003-11-28,975682400,2003-10-16
2003Q3,2003Q3,2003-07-01,2003-09-30,2003-09-30,0.3369640111923218,0.37458975054323673,0.3700000047683716,0.37497207755222917,0.33053600788116455,0.3682143297046423,2003-07-01,0.4164290130138397,0.38109660940244794,2003-09-03,232395625.0,180992000,285426400,125865600,2003-08-15,751212000,2003-07-17
2003Q2,2003Q2,2003-04-01,2003-06-30,2003-06-30,0.2535710036754608,0.2954109661162846,0.3403570055961609,0.29639455557815614,0.22714300453662872,0.29007082397029516,2003-04-17,0.35160699486732483,0.301561821784292,2003-06-23,392067022.2222222,154341600,222152000,107100000,2003-04-10,1555708000,2003-05-05
2003Q1,2003Q1,2003-01-02,2003-03-31,2003-03-31,0.256428986787796,0.2602664066142723,0.2524999976158142,0.26031322508561805,0.24214300513267517,0.2562324556170917,2003-01-24,0.2746430039405823,0.26432963912604285,2003-01-06,232599029.5081967,181428800,256659200,99859200,2003-03-06,559070400,2003-01-16
2002Q4,2002Q4,2002-10-01,2002-12-31,2002-12-31,0.26053598523139954,0.26946429582312703,0.2558929920196533,0.2692968277260661,0.23857100307941437,0.26393978111445904,2002-10-08,0.310357004404068,0.27462332672439516,2002-11-04,244899900.0,342423200,200726400,39340000,2002-12-24,469296800,2002-10-17
2002Q3,2002Q3,2002-07-01,2002-09-30,2002-09-30,0.3162499964237213,0.27436935622245073,0.2589290142059326,0.2745118122547865,0.24642899632453918,0.26817802991718054,2002-07-26,0.33553600311279297,0.2804771107621491,2002-07-12,290030300.0,222689600,237697600,158244800,2002-09-09,1215485600,2002-07-17
2002Q2,2002Q2,2002-04-01,2002-06-28,2002-06-28,0.41749998927116394,0.4083872656337917,0.3164289891719818,0.4079241268336773,0.2853569984436035,0.39950606180354953,2002-06-26,0.4673210084438324,0.4158314988017082,2002-04-17,329797037.5,199046400,269858400,140448000,2002-04-24,1709467200,2002-06-19
2002Q1,2002Q1,2002-01-02,2002-03-29,2002-03-28,0.39375001192092896,0.41890183140834175,0.42267900705337524,0.42027686585982643,0.36160698533058167,0.4099881673852603,2002-01-10,0.4639289975166321,0.42849404861529666,2002-02-05,361189733.3333333,529496800,108455200,108455200,2002-03-28,1030159200,2002-02-27
2001Q4,2001Q4,2001-10-01,2001-12-31,2001-12-31,0.2766070067882538,0.34472936019301414,0.39107099175453186,0.34736050106585026,0.26482099294662476,0.33766178181394935,2001-10-03,0.42910701036453247,0.3544419826939702,2001-12-05,274122362.5,208208000,137782400,50629600,2001-12-24,684980800,2001-10-23
2001Q3,2001Q3,2001-07-02,2001-09-28,2001-09-28,0.42214301228523254,0.3424001522993637,0.276964008808136,0.34158901895506905,0.26214298605918884,0.33325064232793905,2001-09-21,0.45035699009895325,0.35123484569080804,2001-07-17,327389572.88135594,230048000,365108800,99652000,2001-08-06,1137012800,2001-07-18
2001Q2,2001Q2,2001-04-02,2001-06-29,2001-06-29,0.39446398615837097,0.4045889675617218,0.4151790142059326,0.40368488809419056,0.3348209857940674,0.39216272887729464,2001-04-04,0.48428601026535034,0.41576807886835127,2001-04-30,416915733.3333333,340911200,515390400,158743200,2001-05-25,1873670400,2001-04-19
2001Q1,2001Q1,2001-01-02,2001-03-30,2001-03-30,0.265625,0.3475801949539492,0.39410701394081116,0.3504234533156118,0.2578130066394806,0.33743021276689344,2001-01-03,0.42410698533058167,0.36072091854387717,2001-03-26,508585316.12903225,452312000,400349600,204859200,2001-03-08,1227010400,2001-01-18
2000Q4,2000Q4,2000-10-02,2000-12-29,2000-12-29,0.4765630066394806,0.3337984290860948,0.265625,0.3294979366991255,0.24330399930477142,0.3203656671066133,2000-12-20,0.4776790142059326,0.34300599921317326,2000-10-02,623065600.0,2424788800,630336000,160932800,2000-11-24,2424788800,2000-10-02
2000Q3,2000Q3,2000-07-03,2000-09-29,2000-09-29,0.9308040142059326,0.9539930792081923,0.4598209857940674,0.9553482579806495,0.453125,0.9300108258686368,2000-09-29,1.145089030265808,0.9834626610316928,2000-09-05,411107733.3333333,70828800,7421640800,70828800,2000-07-03,7421640800,2000-09-29
2000Q2,2000Q2,2000-04-03,2000-06-30,2000-06-30,1.2098209857940674,0.9581894287987361,0.935267984867096,0.9520111443504454,0.7176340222358704,0.9228670483543759,2000-06-01,1.245535969734192,0.9883033812992157,2000-04-03,421831111.1111111,328563200,323097600,181148800,2000-05-26,941136000,2000-04-12
2000Q1,2000Q1,2000-01-03,2000-03-31,2000-03-31,0.9363840222358704,1.0247883058729625,1.2126120328903198,1.028276000704084,0.7723209857940674,0.9964945505535792,2000-01-12,1.3426339626312256,1.0610273802091206,2000-03-23,453544711.1111111,535796800,404633600,202966400,2000-03-28,1831132800,2000-01-20
1999Q4,1999Q4,1999-10-01,1999-12-31,1999-12-31,0.5546879768371582,0.785869063809514,0.9179689884185791,0.7889753477647901,0.53125,0.7667061854153872,1999-10-01,1.0535709857940674,0.8072313582524657,1999-12-07,507994375.0,614790400,163811200,132070400,1999-11-26,1898803200,1999-10-14
1999Q3,1999Q3,1999-07-01,1999-09-30,1999-09-30,0.4135040044784546,0.5419224523939192,0.5652899742126465,0.5430472153238952,0.40345999598503113,0.5305110164918005,1999-07-02,0.7154020071029663,0.5554570183157921,1999-09-20,619978975.0,149217600,908084800,123681600,1999-07-02,3357558400,1999-09-21
1999Q2,1999Q2,1999-04-01,1999-06-30,1999-06-30,0.32198700308799744,0.38175411167598905,0.4135040044784546,0.3837469868243687,0.29910698533058167,0.3742692352287353,1999-04-19,0.4464290142059326,0.3912140793270535,1999-05-03,503436444.4444444,262057600,343268800,130390400,1999-06-15,2106048000,1999-04-27
1999Q1,1999Q1,1999-01-04,1999-03-31,1999-03-31,0.376116007566452,0.339422950979139,0.3208709955215454,0.3370078699510606,0.2857140004634857,0.32912216421033513,1999-03-11,0.4224329888820648,0.3461651303729073,1999-01-13,544195331.1475409,952884800,422352000,212755200,1999-02-24,1723859200,1999-01-14
1998Q4,1998Q4,1998-10-01,1998-12-31,1998-12-31,0.328125,0.3199027325026691,0.36551299691200256,0.3188737644813955,0.2544640004634857,0.31115723587572575,1998-10-08,0.3705359995365143,0.3277326887473464,1998-12-29,562164925.0,370216000,271689600,153104000,1998-11-27,2280017600,1998-10-14
1998Q3,1998Q3,1998-07-01,1998-09-30,1998-09-30,0.2578130066394806,0.3255963916890323,0.3404020071029663,0.3258318449370563,0.2544640004634857,0.31685749953612685,1998-07-01,0.390625,0.334150031208992,1998-08-19,503575800.0,314115200,167182400,167182400,1998-09-30,2561350400,1998-07-16
1998Q2,1998Q2,1998-04-01,1998-06-30,1998-06-30,0.24497799575328827,0.2494065553422958,0.25613799691200256,0.24950395287975433,0.22042399644851685,0.2449068252056364,1998-04-08,0.282366007566452,0.2538708424757397,1998-05-11,298334400.0,186883200,131062400,111115200,1998-06-26,1837953600,1998-04-16
1998Q1,1998Q1,1998-01-02,1998-03-31,1998-03-31,0.12165199965238571,0.19061952475153032,0.24553599953651428,0.1932952948769585,0.12053599953651428,0.18648460702817948,1998-01-02,0.25,0.1966206392303842,1998-03-24,462159370.4918033,718110400,266896000,112235200,1998-01-27,1812473600,1998-01-06
1997Q4,1997Q4,1997-10-01,1997-12-31,1997-12-31,0.19363799691200256,0.15788923506624997,0.1171879991889,0.15692143782507628,0.11383900046348572,0.15398514061234891,1997-12-30,0.22098200023174286,0.16117645299527794,1997-10-15,266801850.0,130468800,406358400,41316800,1997-11-28,1398241600,1997-11-10
1997Q3,1997Q3,1997-07-01,1997-09-30,1997-09-30,0.12444200366735458,0.180210703285411,0.19363799691200256,0.1803501727990806,0.11383900046348572,0.1760842347284779,1997-07-10,0.26395100355148315,0.18445917149074376,1997-08-07,438502400.0,450676800,140571200,71243200,1997-07-29,4190480000,1997-08-06
1997Q2,1997Q2,1997-04-01,1997-06-30,1997-06-30,0.15736599266529083,0.15373895410448313,0.12723200023174286,0.15282778232358396,0.125,0.15081792208366096,1997-06-30,0.17745499312877655,0.15555250085890293,1997-04-07,135542750.0,220259200,171180800,41585600,1997-06-02,548856000,1997-04-03
1997Q1,1997Q1,1997-01-02,1997-03-31,1997-03-31,0.18861599266529083,0.1517491804771736,0.16294600069522858,0.1511362133944621,0.13504500687122345,0.14829341016831946,1997-02-04,0.19866099953651428,0.1540682298726723,1997-01-03,297527081.9672131,143113600,970244800,70616000,1997-03-07,1882832000,1997-01-06
1996Q4,1996Q4,1996-10-01,1996-12-31,1996-12-31,0.19642899930477142,0.21791293774731457,0.18638400733470917,0.21695376560091972,0.18526799976825714,0.21347484295256436,1996-12-31,0.24776799976825714,0.2213134840130806,1996-10-17,196028525.0,539246400,383745600,42291200,1996-11-29,1026625600,1996-10-17
1996Q3,1996Q3,1996-07-01,1996-09-30,1996-09-30,0.18861599266529083,0.19515556353144348,0.19810299575328827,0.19422046933323145,0.14285700023174286,0.1911251258570701,1996-07-16,0.22321400046348572,0.19799807923845947,1996-08-27,175068950.0,131980800,85444800,45763200,1996-09-23,897052800,1996-07-18
1996Q2,1996Q2,1996-04-01,1996-06-28,1996-06-28,0.22432999312877655,0.2241178105274836,0.1875,0.22249685795534224,0.1752229928970337,0.21902027111204844,1996-06-26,0.2578130066394806,0.22680168303232345,1996-05-15,176903466.66666666,158636800,115684800,72240000,1996-04-03,762238400,1996-06-04
1996Q1,1996Q1,1996-01-02,1996-03-29,1996-03-29,0.2879459857940674,0.25791887418618276,0.219308003783226,0.2568470648829899,0.20535700023174286,0.2520617137825678,1996-03-27,0.3169640004634857,0.26234766746324206,1996-01-08,290461333.3333333,139294400,166521600,93363200,1996-03-14,988288000,1996-01-23
1995Q4,1995Q4,1995-10-02,1995-12-29,1995-12-29,0.3370540142059326,0.3303571736055707,0.2845979928970337,0.32878941392141675,0.282366007566452,0.323731634824995,1995-12-21,0.3794640004634857,0.3351137283302489,1995-11-14,284492800.0,392000000,304136000,98806400,1995-11-22,944899200,1995-10-19
1995Q3,1995Q3,1995-07-03,1995-09-29,1995-09-29,0.4151790142059326,0.38968617670119754,0.3325890004634857,0.3885457638710264,0.31026801466941833,0.38335289084722124,1995-09-27,0.4453130066394806,0.3957093485764095,1995-07-10,290539377.7777778,39390400,283416000,39390400,1995-07-03,1211963200,1995-09-15
1995Q2,1995Q2,1995-04-03,1995-06-30,1995-06-30,0.3169640004634857,0.37094315933802774,0.4146209955215454,0.37162304917971295,0.3002229928970337,0.365154667979195,1995-04-04,0.44754499197006226,0.37693984073305886,1995-06-21,279062222.2222222,154302400,165491200,89208000,1995-06-16,738528000,1995-06-20
1995Q1,1995Q1,1995-01-03,1995-03-31,1995-03-31,0.3470979928970337,0.3598356351019844,0.31473198533058167,0.3589055864583878,0.30245500802993774,0.353061732791719,1995-03-29,0.4291290044784546,0.3660581282206944,1995-01-11,324739555.5555556,103868800,183243200,73640000,1995-01-05,1076622400,1995-01-06
1994Q4,1994Q4,1994-10-03,1994-12-30,1994-12-30,0.3002229928970337,0.35042871511171736,0.3482140004634857,0.35094250998799764,0.2901790142059326,0.34437001602990286,1994-10-03,0.390625,0.35745073074386235,1994-10-27,246828977.7777778,129595200,73091200,62272000,1994-11-11,842307200,1994-10-11
1994Q3,1994Q3,1994-07-01,1994-09-30,1994-09-30,0.23549099266529083,0.2921992817427963,0.3007810115814209,0.29351803101599216,0.2265630066394806,0.28843471920117736,1994-07-01,0.33370500802993774,0.2978035779669881,1994-08-31,197743875.0,179278400,71702400,71702400,1994-09-30,786576000,1994-07-22
1994Q2,1994Q2,1994-04-04,1994-06-30,1994-06-30,0.2879459857940674,0.2644728845165622,0.23660700023174286,0.2634805967250178,0.21986599266529083,0.25741648313499266,1994-06-27,0.3058040142059326,0.2694502588241331,1994-04-05,194767458.06451613,168302400,101729600,73035200,1994-05-26,697827200,1994-04-22
1994Q1,1994Q1,1994-01-03,1994-03-31,1994-03-31,0.26339301466941833,0.30862031664167133,0.296875,0.3087443330931285,0.2566959857940674,0.30261480808258057,1994-01-19,0.34375,0.31453720444724675,1994-03-14,267848888.8888889,181529600,209059200,122024000,1994-02-16,980134400,1994-01-21
1993Q4,1993Q4,1993-10-01,1993-12-31,1993-12-31,0.203125,0.2628348271828145,0.2611609995365143,0.26335799833759665,0.19642899930477142,0.2571150155272335,1993-10-04,0.3125,0.2686592491809279,1993-11-17,208037550.0,335988800,160966400,39592000,1993-12-08,955248000,1993-10-15
1993Q3,1993Q3,1993-07-01,1993-09-30,1993-09-30,0.3482140004634857,0.25420270347967744,0.20870499312877655,0.25254603172652423,0.20535700023174286,0.24768073414452374,1993-09-30,0.3549109995365143,0.2590679978020489,1993-07-01,226470300.0,218164800,274904000,76574400,1993-09-24,2120596800,1993-07-16
1993Q2,1993Q2,1993-04-01,1993-06-30,1993-06-30,0.4575890004634857,0.44605657269084265,0.3526790142059326,0.44602119213058833,0.34375,0.4384389368314592,1993-06-29,0.5279020071029663,0.45386911431948346,1993-05-21,234751644.44444445,108203200,200256000,65184000,1993-05-03,1178419200,1993-06-09
1993Q1,1993Q1,1993-01-04,1993-03-31,1993-03-31,0.53125,0.5091445301809618,0.4598209857940674,0.5090184932754885,0.4486609995365143,0.501152063569715,1993-03-30,0.5825889706611633,0.5162190655546803,1993-01-14,223468903.22580644,129136000,223036800,98761600,1993-02-22,902630400,1993-01-15
1992Q4,1992Q4,1992-10-01,1992-12-31,1992-12-31,0.3995540142059326,0.47799248434603214,0.533482015132904,0.47992817033082247,0.3705359995365143,0.47237728303298354,1992-10-05,0.546875,0.48585727997124195,1992-12-22,156129575.0,122729600,92232000,45964800,1992-12-24,451348800,1992-10-16
1992Q3,1992Q3,1992-07-01,1992-09-30,1992-09-30,0.4285709857940674,0.40973770106211305,0.4029020071029663,0.41019115690141916,0.3705359995365143,0.40326801454648376,1992-08-07,0.4464290142059326,0.41603304632008076,1992-09-14,147421925.0,143528000,100049600,2396800,1992-07-27,423640000,1992-07-17
1992Q2,1992Q2,1992-04-01,1992-06-30,1992-06-30,0.5111610293388367,0.5016298932688577,0.4285709857940674,0.5001417961385515,0.3816959857940674,0.49232929046191864,1992-06-22,0.564732015132904,0.5085388412551274,1992-05-13,182330133.33333334,159656000,193345600,46468800,1992-05-22,433720000,1992-06-18
1992Q1,1992Q1,1992-01-02,1992-03-31,1992-03-31,0.49776801466941833,0.569355904582947,0.5200889706611633,0.5683815403590127,0.4955359995365143,0.5607461716447558,1992-01-02,0.625,0.5767962866359286,1992-02-26,162282844.44444445,233632000,212632000,50075200,1992-03-23,848355200,1992-01-17
1991Q4,1991Q4,1991-10-01,1991-12-31,1991-12-31,0.43973198533058167,0.457903188187629,0.5033479928970337,0.4572927812114358,0.4151790142059326,0.4499163762666285,1991-10-08,0.517857015132904,0.4650530801154673,1991-12-31,154643650.0,131376000,134030400,17987200,1991-10-02,446958400,1991-10-18
1991Q3,1991Q3,1991-07-01,1991-09-30,1991-09-30,0.37723198533058167,0.43823239021003246,0.4419640004634857,0.4386335154995322,0.37276801466941833,0.43066407879814506,1991-07-01,0.4955359995365143,0.44543460896238685,1991-08-23,161706475.0,194824000,63201600,53300800,1991-07-29,448425600,1991-08-01
1991Q2,1991Q2,1991-04-01,1991-06-28,1991-06-28,0.607142984867096,0.4714703569188714,0.3705359995365143,0.4696393758058548,0.359375,0.46149557968601584,1991-06-28,0.654017984867096,0.47931778198108077,1991-04-12,301680575.0,117924800,226643200,72475200,1991-04-08,1868372800,1991-05-01
1991Q1,1991Q1,1991-01-02,1991-03-29,1991-03-28,0.3816959857940674,0.5075015078802578,0.607142984867096,0.51123395024753,0.375,0.49930475627789733,1991-01-02,0.627232015132904,0.5202722290500266,1991-03-19,291699777.0491803,154985600,78702400,78702400,1991-03-28,943241600,1991-01-18
1990Q4,1990Q4,1990-10-01,1990-12-31,1990-12-31,0.26339301466941833,0.3106514676474035,0.3839290142059326,0.31250001466833055,0.21651799976825714,0.3048967488575727,1990-10-16,0.40401801466941833,0.3182547176256776,1990-12-21,193825275.0,155657600,44273600,44273600,1990-12-31,933732800,1990-10-19
1990Q3,1990Q3,1990-07-02,1990-09-28,1990-09-28,0.3973209857940674,0.3458580942380996,0.2589290142059326,0.3444940797866337,0.24330399930477142,0.33799252363424453,1990-09-28,0.4263390004634857,0.3515447283548022,1990-07-13,150779377.7777778,135408000,176041600,58172800,1990-09-07,585984000,1990-07-19
1990Q2,1990Q2,1990-04-02,1990-06-29,1990-06-29,0.35714301466941833,0.3633787646180108,0.3995540142059326,0.3642114471821558,0.3348209857940674,0.357798317122081,1990-06-08,0.40066999197006226,0.36926025577953886,1990-06-29,185875555.55555555,148769600,325192000,87304000,1990-05-16,481476800,1990-04-19
1990Q1,1990Q1,1990-01-02,1990-03-30,1990-03-30,0.31473198533058167,0.31985193727508426,0.359375,0.32064914277621676,0.28683000802993774,0.31459036469459534,1990-01-29,0.3872770071029663,0.32628265117842054,1990-03-26,171235911.1111111,183198400,223350400,73920000,1990-02-06,644761600,1990-03-16
1989Q4,1989Q4,1989-10-02,1989-12-29,1989-12-29,0.3973209857940674,0.3873298882492005,0.31473198533058167,0.3870110970640939,0.2901790142059326,0.3796059981225029,1989-12-15,0.4497770071029663,0.3942567152636392,1989-10-10,199859911.1111111,137401600,152409600,27854400,1989-11-24,1025416000,1989-12-12
1989Q3,1989Q3,1989-07-03,1989-09-29,1989-09-29,0.37276801466941833,0.3793580158362313,0.3973209857940674,0.3798717932095603,0.3370540142059326,0.3744153806141445,1989-07-26,0.4174109995365143,0.38509785797860885,1989-09-12,143837866.66666666,48350400,69809600,48350400,1989-07-03,477310400,1989-07-18
1989Q2,1989Q2,1989-04-03,1989-06-30,1989-06-30,0.3169640004634857,0.38127793883904815,0.3683040142059326,0.38267300091683865,0.30245500802993774,0.3762556747533381,1989-04-04,0.4486609995365143,0.38799173291772604,1989-06-14,205641975.0,166286400,164740800,80662400,1989-05-01,560985600,1989-04-18
1989Q1,1989Q1,1989-01-03,1989-03-31,1989-03-31,0.359375,0.3375935972698273,0.31808000802993774,0.3375395805604996,0.29910698533058167,0.33255329103239123,1989-03-27,0.39285698533058167,0.34265196804077397,1989-01-16,259544825.80645162,100016000,185348800,74401600,1989-03-29,2127171200,1989-01-27
1988Q4,1988Q4,1988-10-03,1988-12-30,1988-12-30,0.3839290142059326,0.3491000324960739,0.359375,0.34933036518475363,0.3169640004634857,0.34424604735677206,1988-11-23,0.3861609995365143,0.3540072866848537,1988-10-03,149993422.2222222,90776000,81692800,40958400,1988-12-23,457587200,1988-10-07
1988Q3,1988Q3,1988-07-01,1988-09-30,1988-09-30,0.4151790142059326,0.3819754854775965,0.3861609995365143,0.38143486017361283,0.3370540142059326,0.37651715613901615,1988-09-07,0.42410698533058167,0.3868931559845805,1988-07-06,123438350.0,94539200,92892800,29937600,1988-08-08,246736000,1988-09-01
1988Q2,1988Q2,1988-04-04,1988-06-30,1988-06-30,0.3549109995365143,0.37303362006232854,0.4129459857940674,0.3737245400746663,0.33370500802993774,0.36828585749580744,1988-05-23,0.4174109995365143,0.3789328734079997,1988-06-29,150336000.0,181440000,114688000,70459200,1988-05-05,311360000,1988-06-07
1988Q1,1988Q1,1988-01-04,1988-03-31,1988-03-31,0.3816959857940674,0.37985403197152273,0.35714301466941833,0.3788797311366551,0.3370540142059326,0.3711380958557129,1988-02-08,0.4263390004634857,0.3866568434806097,1988-03-07,229716977.7777778,330400000,217280000,82342400,1988-02-26,680960000,1988-01-20
1987Q4,1987Q4,1987-10-01,1987-12-31,1987-12-31,0.5066959857940674,0.36160713993012905,0.375,0.3582066083326936,0.2466520071029663,0.3476563123986125,1987-10-26,0.533482015132904,0.3719483003951609,1987-10-05,242378150.0,116480000,117600000,69944000,1987-12-24,568960000,1987-10-20
1987Q3,1987Q3,1987-07-01,1987-09-30,1987-09-30,0.3638390004634857,0.4253801563754678,0.5044639706611633,0.4260777817107737,0.32589301466941833,0.4177246238104999,1987-07-08,0.5245540142059326,0.43425645399838686,1987-09-28,144766300.0,94830400,122080000,56638400,1987-07-27,341600000,1987-07-08
1987Q2,1987Q2,1987-04-01,1987-06-30,1987-06-30,0.28125,0.3419696187216138,0.36160698533058167,0.342740173377688,0.27845999598503113,0.33662839683275375,1987-04-01,0.3861609995365143,0.3482409053378635,1987-06-24,224597688.8888889,217862400,144480000,80852800,1987-06-23,777280000,1987-04-02
1987Q1,1987Q1,1987-01-02,1987-03-31,1987-03-31,0.1802459955215454,0.25945961210996876,0.2879459857940674,0.2611967567955294,0.1791290044784546,0.2545543548560912,1987-01-02,0.31863799691200256,0.2658500008044704,1987-02-26,336200154.83870965,120870400,273280000,120870400,1987-01-02,775040000,1987-01-20
1986Q4,1986Q4,1986-10-01,1986-12-31,1986-12-31,0.1489959955215454,0.16594585892744362,0.18080399930477142,0.16651264089159667,0.1439729928970337,0.16365271876566112,1986-10-08,0.1958709955215454,0.16844837553799152,1986-12-08,202387150.0,138588800,132563200,50176000,1986-11-11,848960000,1986-11-25
1986Q3,1986Q3,1986-07-01,1986-09-30,1986-09-30,0.1601559966802597,0.15354700083844364,0.14955399930477142,0.15341621916741133,0.13392899930477142,0.15057376632466912,1986-07-30,0.16964299976825714,0.1561540775001049,1986-08-28,201771150.0,87718400,180790400,70022400,1986-09-26,595840000,1986-07-29
1986Q2,1986Q2,1986-04-01,1986-06-30,1986-06-30,0.12611599266529083,0.14786207803990692,0.1601559966802597,0.14836779714096338,0.1171879991889,0.1451503753196448,1986-04-02,0.17466500401496887,0.1505562971578911,1986-06-05,210626500.0,222723200,70761600,50198400,1986-06-27,482988800,1986-05-14
1986Q1,1986Q1,1986-01-02,1986-03-31,1986-03-31,0.09821400046348572,0.10933842607697503,0.12611599266529083,0.10970436036586761,0.09709800034761429,0.10783813087666622,1986-01-02,0.1322540044784546,0.11136014747326492,1986-03-20,229131068.852459,117420800,187801600,75488000,1986-03-10,904131200,1986-03-20
1985Q4,1985Q4,1985-10-01,1985-12-31,1985-12-31,0.0703129991889,0.08522251574322581,0.09821400046348572,0.0850219689309597,0.06696400046348572,0.08450754673685879,1985-10-04,0.10212100297212601,0.08640839077997953,1985-12-18,160028050.0,88345600,87248000,21504000,1985-10-02,559798400,1985-12-18
1985Q3,1985Q3,1985-07-01,1985-09-30,1985-09-30,0.08091499656438828,0.07216371418464751,0.0703129991889,0.07150825361410777,0.06473200023174286,0.07150825361410777,1985-08-15,0.08147300034761429,0.07266860337011398,1985-07-01,98675200.0,103443200,36646400,32816000,1985-09-05,315078400,1985-07-25
1985Q2,1985Q2,1985-04-01,1985-06-28,1985-06-28,0.09877199679613113,0.08684101523387999,0.08035700023174286,0.08577811091192185,0.06584800034761429,0.08563639649323054,1985-06-14,0.10267899930477142,0.08780649197953087,1985-04-18,211405511.1111111,114060800,135744000,56134400,1985-05-06,589478400,1985-05-24
1985Q1,1985Q1,1985-01-02,1985-03-29,1985-03-29,0.13002200424671173,0.12056274195351908,0.09877199679613113,0.11916761268531123,0.09263399988412857,0.11863658024418738,1985-03-08,0.13895100355148315,0.12176882367460959,1985-01-15,253474064.51612905,175302400,87180800,80371200,1985-03-22,733980800,1985-03-07
1984Q4,1984Q4,1984-10-01,1984-12-31,1984-12-31,0.11160700023174286,0.11388287472072989,0.13002200424671173,0.11290632758755237,0.0976559966802597,0.11264473432675004,1984-11-19,0.13057999312877655,0.11512103071436286,1984-12-31,162314600.0,97776000,207760000,27686400,1984-11-02,494524800,1984-12-07
1984Q3,1984Q3,1984-07-02,1984-09-28,1984-09-28,0.11830399930477142,0.12027890530843584,0.11216499656438828,0.12000430209769143,0.10714299976825714,0.1177543970564055,1984-08-03,0.13783499598503113,0.12275904807306472,1984-08-10,165830400.0,159667200,233408000,33174400,1984-07-20,626796800,1984-08-06
1984Q2,1984Q2,1984-04-02,1984-06-29,1984-06-29,0.11049100011587143,0.12837473090205873,0.11830399930477142,0.12841903252734077,0.10267899930477142,0.12557572906925565,1984-04-06,0.15345999598503113,0.1311561596535501,1984-05-09,185833600.0,54656000,141993600,44105600,1984-04-03,435052800,1984-05-21
1984Q1,1984Q1,1984-01-03,1984-03-30,1984-03-30,0.10881700366735458,0.11738241286504836,0.11049100011587143,0.11738239701778169,0.09988799691200256,0.11467196816016757,1984-02-07,0.13169600069522858,0.12025223826132124,1984-01-19,149778844.44444445,150192000,45740800,39177600,1984-03-29,345094400,1984-01-31
1983Q4,1983Q4,1983-10-03,1983-12-30,1983-12-30,0.10323700308799744,0.09630112740255538,0.10881700366735458,0.09646941319344536,0.07700899988412857,0.09369693661019915,1983-11-08,0.11272300034761429,0.0992418255597826,1983-12-28,187312000.0,152902400,91862400,37296000,1983-11-25,1221516800,1983-11-08
1983Q3,1983Q3,1983-07-01,1983-09-30,1983-09-30,0.218191996216774,0.15987732831854373,0.10323700308799744,0.15854328160639852,0.09877199679613113,0.15514267212711275,1983-09-28,0.2220979928970337,0.16351323400158435,1983-07-01,220327800.0,172256000,117868800,58598400,1983-08-19,2832345600,1983-09-23
1983Q2,1983Q2,1983-04-04,1983-06-30,1983-06-30,0.18861599266529083,0.23270972971878354,0.218191996216774,0.23312603126442621,0.172433003783226,0.22830746003559657,1983-04-08,0.282366007566452,0.23707661860518986,1983-06-07,130646400.0,127388800,110566400,37430400,1983-06-10,349171200,1983-06-28
1983Q1,1983Q1,1983-01-03,1983-03-31,1983-03-31,0.1333709955215454,0.18032530139363,0.18861599266529083,0.181095904774136,0.12165199965238571,0.17678220652871662,1983-01-10,0.21707600355148315,0.18463014397356245,1983-02-25,164772266.66666666,112828800,85142400,1388800,1983-01-11,707840000,1983-01-20
1982Q4,1982Q4,1982-10-01,1982-12-31,1982-12-31,0.08258900046348572,0.12499126489274204,0.1333709955215454,0.12585448345635086,0.08035700023174286,0.12257603090256453,1982-10-04,0.155691996216774,0.12877548451069742,1982-12-08,150903200.0,46256000,49660800,46256000,1982-10-01,329078400,1982-11-04
1982Q3,1982Q3,1982-07-01,1982-09-30,1982-09-30,0.05691999942064285,0.06787979614455253,0.08147300034761429,0.06768798379926011,0.04910700023174286,0.06768798379926011,1982-07-08,0.08482100069522858,0.06828957714606076,1982-09-14,81840150.0,55731200,74681600,18300800,1982-07-23,357078400,1982-08-25
1982Q2,1982Q2,1982-04-01,1982-06-30,1982-06-30,0.07924100011587143,0.06624688846724373,0.05691999942064285,0.06593685656312913,0.05691999942064285,0.06593685656312913,1982-06-09,0.07979899644851685,0.06656574534754904,1982-04-01,60272000.0,59136000,67625600,17561600,1982-06-22,277401600,1982-04-30
1982Q1,1982Q1,1982-01-04,1982-03-31,1982-03-31,0.09877199679613113,0.08226525795555883,0.07533500343561172,0.08194124217956297,0.06305799633264542,0.08194124217956297,1982-03-17,0.09877199679613113,0.08258925786902828,1982-01-04,43101574.19354839,71254400,50153600,13596800,1982-02-19,86934400,1982-03-10
1981Q4,1981Q4,1981-10-01,1981-12-31,1981-12-31,0.06808000057935715,0.08566709281876683,0.09877199679613113,0.08544912398792803,0.06808000057935715,0.08544912398792803,1981-10-01,0.10267899930477142,0.08610304654575884,1981-12-18,39499600.0,61129600,54656000,16755200,1981-11-10,137155200,1981-12-04
1981Q3,1981Q3,1981-07-01,1981-09-30,1981-09-30,0.11551299691200256,0.09711560897994787,0.06808000057935715,0.09672324976418167,0.06361600011587143,0.09672324976418167,1981-09-25,0.1171879991889,0.09741207782644778,1981-07-08,30620800.0,170464000,49996800,0,1981-08-10,170464000,1981-07-01
1981Q2,1981Q2,1981-04-01,1981-06-30,1981-06-30,0.10881700366735458,0.1297919520783046,0.11607100069522858,0.1294730958484468,0.10825899988412857,0.1294730958484468,1981-04-01,0.1484380066394806,0.13022599996082365,1981-05-29,32982755.555555556,34070400,35907200,4166400,1981-05-18,149497600,1981-05-27
1981Q1,1981Q1,1981-01-02,1981-03-31,1981-03-31,0.15401799976825714,0.12374888660926972,0.109375,0.12333485436054968,0.09653999656438828,0.12333485436054968,1981-03-11,0.15513400733470917,0.12410890274951535,1981-01-02,26311690.322580647,21660800,15993600,5376000,1981-03-05,231302400,1981-03-13
1980Q4,1980Q4,1980-12-12,1980-12-31,1980-12-31,0.1283479928970337,0.13607476823605025,0.1523440033197403,0.13590307648365313,0.11272300034761429,0.13590307648365313,1980-12-16,0.16127200424671173,0.1364611547726851,1980-12-29,103450092.3076923,469033600,35750400,35750400,1980-12-31,469033600,1980-12-12
